Name,Description,Category
Acid,,Nouns
Adventure,,Nouns
Air,,Nouns
Alarm,,Nouns
Soda,,Nouns
Alert,,Nouns
Alien,,Nouns
Anchor,,Nouns
Angel,,Nouns
Anger,,Nouns
Animal,,Nouns
Antenna,,Nouns
Armor,,Nouns
Art,,Nouns
Avalanche,,Nouns
Award,,Nouns
Axe,,Nouns
Baby,,Nouns
Crispy Chicken,,Nouns
Bacteria,,Nouns
Bag,,Nouns
Bait,,Nouns
Ball,,Nouns
Balloon,,Nouns
Banana,,Nouns
Bandana,,Nouns
Banner,,Nouns
Cafe,,Nouns
Barricade,,Nouns
Basket,,Nouns
Bath,,Nouns
Battle,,Nouns
Bazooka,,Nouns
Beach,,Nouns
Beads,,Nouns
Beard,,Nouns
Bed,,Nouns
Bell,,Nouns
Belly,,Nouns
Belt,,Nouns
Berry,,Nouns
Bib,,Nouns
Bicycle,,Nouns
Swimsuit,,Nouns
Biscuit,,Nouns
Bladder,,Nouns
Blanket,,Nouns
Blender,,Nouns
Blimp,,Nouns
Blizzard,,Nouns
Blood,,Nouns
Board,,Nouns
Boat,,Nouns
Body,,Nouns
Bomb,,Nouns
Bone,,Nouns
Bonfire,,Nouns
Booger,,Nouns
Book,,Nouns
Boomerang,,Nouns
Boots,,Nouns
Bottle,,Nouns
Bowl,,Nouns
Box,,Nouns
Boy,,Nouns
Bra,,Nouns
Bracelet,,Nouns
Brain,,Nouns
Brick,,Nouns
Bridge,,Nouns
Broom,,Nouns
Brush,,Nouns
Bubble,,Nouns
Bucket,,Nouns
Buckle,,Nouns
Buddy,,Nouns
Bullet,,Nouns
Bunny,,Nouns
Burp,,Nouns
Bus,,Nouns
Bush,,Nouns
Butt,,Nouns
Butter,,Nouns
Butterfly,,Nouns
Button,,Nouns
Buzzer,,Nouns
Cactus,,Nouns
Caffine,,Nouns
Cage,,Nouns
Camera,,Nouns
Candle,,Nouns
Candy,,Nouns
Cane,,Nouns
Cannon,,Nouns
Canoe,,Nouns
Canteen,,Nouns
Cap,,Nouns
Cape,,Nouns
Car,,Nouns
Card,,Nouns
Carpet,,Nouns
Carrot,,Nouns
Case,,Nouns
Catapult,,Nouns
Cave,,Nouns
Chain,,Nouns
Chair,,Nouns
Chalk,,Nouns
Charm,,Nouns
Cheese,,Nouns
Chest,,Nouns
Chicken,,Nouns
Chili,,Nouns
Chip,,Nouns
Chocolate,,Nouns
Circus,,Nouns
Clamp,,Nouns
Claw,,Nouns
Cliff,,Nouns
Cloak,,Nouns
Clock,,Nouns
Closet,,Nouns
Cloud,,Nouns
Club,,Nouns
Coat,,Nouns
Coffin,,Nouns
Coin,,Nouns
Collar,,Nouns
Compass,,Nouns
Computer,,Nouns
Concert,,Nouns
Cone,,Nouns
Cookie,,Nouns
Corpse,,Nouns
Costume,,Nouns
Couch,,Nouns
Coupon,,Nouns
Courage,,Nouns
Cream,,Nouns
Crowd,,Nouns
Crown,,Nouns
Crystal,,Nouns
Cuddle,,Nouns
Cup,,Nouns
Curse,,Nouns
Curtain,,Nouns
Cushion,,Nouns
Dagger,,Nouns
Dance,,Nouns
Danger,,Nouns
Dare,,Nouns
Dart,,Nouns
Death,,Nouns
Debt,,Nouns
Decoy,,Nouns
Desire,,Nouns
Desk,,Nouns
Detector,,Nouns
Diamond,,Nouns
Diaper,,Nouns
Diary,,Nouns
Dinosaur,,Nouns
Dirt,,Nouns
Discipline,,Nouns
Disease,,Nouns
Dispenser,,Nouns
Doll,,Nouns
Dolphin,,Nouns
Donkey,,Nouns
Doom,,Nouns
Door,,Nouns
Doubt,,Nouns
Dragon,,Nouns
Dream,,Nouns
Dress,,Nouns
Drill,,Nouns
Drone,,Nouns
Drool,,Nouns
Drum,,Nouns
Dumpster,,Nouns
Dung,,Nouns
Dungeon,,Nouns
Dust,,Nouns
Ear,,Nouns
Egg,,Nouns
Elephant,,Nouns
Emergency,,Nouns
Energy,,Nouns
Envelope,,Nouns
Envy,,Nouns
Eraser,,Nouns
Escape,,Nouns
Excuse,,Nouns
Exercise,,Nouns
Eye,,Nouns
Face,,Nouns
Fact,,Nouns
Factory,,Nouns
Failure,,Nouns
Fairy,,Nouns
Faith,,Nouns
Family,,Nouns
Fan,,Nouns
Fanny,,Nouns
Fantasy,,Nouns
Farm,,Nouns
Fart,,Nouns
Fate,,Nouns
Faucet,,Nouns
Fear,,Nouns
Feather,,Nouns
Fence,,Nouns
Fever,,Nouns
Film,,Nouns
Finger,,Nouns
Fire,,Nouns
Fish,,Nouns
Fitness,,Nouns
Flag,,Nouns
Flame,,Nouns
Flesh,,Nouns
Floss,,Nouns
Flower,,Nouns
Fluid,,Nouns
Flute,,Nouns
Foam,,Nouns
Fog,,Nouns
Food,,Nouns
Foot,,Nouns
Forest,,Nouns
Fork,,Nouns
Fountain,,Nouns
Freedom,,Nouns
Friend,,Nouns
Friendship,,Nouns
Fruit,,Nouns
Fuel,,Nouns
Funeral,,Nouns
Fur,,Nouns
Future,,Nouns
Fuzz,,Nouns
Galaxy,,Nouns
Game,,Nouns
Garbage,,Nouns
Garden,,Nouns
Gas,,Nouns
Gem,,Nouns
Germ,,Nouns
Geyser,,Nouns
Ghost,,Nouns
Giggle,,Nouns
Glasses,,Nouns
Glitter,,Nouns
Glory,,Nouns
Glove,,Nouns
Glue,,Nouns
Goggles,,Nouns
Gorilla,,Nouns
Gossip,,Nouns
Gown,,Nouns
Grass,,Nouns
Grave,,Nouns
Gravity,,Nouns
Gravy,,Nouns
Grease,,Nouns
Greed,,Nouns
Grenade,,Nouns
Grief,,Nouns
Grill,,Nouns
Guilt,,Nouns
Gum,,Nouns
Gun,,Nouns
Hair,,Nouns
Hammer,,Nouns
Hammock,,Nouns
Hamster,,Nouns
Hand,,Nouns
Handcuffs,,Nouns
Handle,,Nouns
Harmonica,,Nouns
Harmony,,Nouns
Harness,,Nouns
Hat,,Nouns
Hatchet,,Nouns
Head,,Nouns
Heart,,Nouns
Heaven,,Nouns
Hell,,Nouns
Helmet,,Nouns
Hole,,Nouns
Honey,,Nouns
Hood,,Nouns
Hoodie,,Nouns
Hook,,Nouns
Hoop,,Nouns
Hope,,Nouns
Hormone,,Nouns
Horn,,Nouns
Horse,,Nouns
Hose,,Nouns
House,,Nouns
Hug,,Nouns
Hurricane,,Nouns
Ice,,Nouns
Idiot,,Nouns
Ink,,Nouns
Insect,,Nouns
Island,,Nouns
Jacket,,Nouns
Jar,,Nouns
Jello,,Nouns
Jelly,,Nouns
Jewel,,Nouns
Jewelry,,Nouns
Joke,,Nouns
Joy,,Nouns
Juice,,Nouns
Jungle,,Nouns
Junk,,Nouns
Karate,,Nouns
Key,,Nouns
Kit,,Nouns
Kite,,Nouns
Kitten,,Nouns
Knife,,Nouns
Lace,,Nouns
Ladder,,Nouns
Lady,,Nouns
Lake,,Nouns
Lamp,,Nouns
Lantern,,Nouns
Lasso,,Nouns
Laugh,,Nouns
Lava,,Nouns
Leaf,,Nouns
Leash,,Nouns
Leg,,Nouns
Light,,Nouns
Lightning,,Nouns
Lip,,Nouns
Lock,,Nouns
Locker,,Nouns
Lotion,,Nouns
Love,,Nouns
Machine,,Nouns
Magic,,Nouns
Magnet,,Nouns
Man,,Nouns
Map,,Nouns
Marker,,Nouns
Marriage,,Nouns
Marshmallow,,Nouns
Mask,,Nouns
Massage,,Nouns
Mattress,,Nouns
Maze,,Nouns
Meat,,Nouns
Medicine,,Nouns
Memory,,Nouns
Message,,Nouns
Milk,,Nouns
Mint,,Nouns
Miracle,,Nouns
Mirror,,Nouns
Missile,,Nouns
Mist,,Nouns
Mistake,,Nouns
Mitten,,Nouns
Money,,Nouns
Monkey,,Nouns
Monster,,Nouns
Mood,,Nouns
Moon,,Nouns
Mop,,Nouns
Mosquito,,Nouns
Motor,,Nouns
Mountain,,Nouns
Mouth,,Nouns
Movie,,Nouns
Mud,,Nouns
Mug,,Nouns
Murder,,Nouns
Muscle,,Nouns
Music,,Nouns
Musket,,Nouns
Mustache,,Nouns
Mystery,,Nouns
Nap,,Nouns
Napkin,,Nouns
Needle,,Nouns
Nest,,Nouns
Net,,Nouns
News,,Nouns
Night,,Nouns
Nightmare,,Nouns
Noise,,Nouns
Noodle,,Nouns
Nose,,Nouns
Ocean,,Nouns
Odor,,Nouns
Oil,,Nouns
Oven,,Nouns
Oxygen,,Nouns
Pad,,Nouns
Paddle,,Nouns
Pail,,Nouns
Pain,,Nouns
Paint,,Nouns
Pajamas,,Nouns
Panda,,Nouns
Pants,,Nouns
Paper,,Nouns
Parachute,,Nouns
Parade,,Nouns
Parrot,,Nouns
Party,,Nouns
Passion,,Nouns
Paste,,Nouns
Patch,,Nouns
Paw,,Nouns
Peace,,Nouns
Pearl,,Nouns
Pen,,Nouns
Penalty,,Nouns
Pepper,,Nouns
Perfume,,Nouns
Permit,,Nouns
Pet,,Nouns
Phone,,Nouns
Photo,,Nouns
Pickle,,Nouns
Picnic,,Nouns
Picture,,Nouns
Pill,,Nouns
Pillow,,Nouns
Pimple,,Nouns
Pin,,Nouns
Pinata,,Nouns
Pipe,,Nouns
Pit,,Nouns
Pity,,Nouns
Plate,,Nouns
Pleasure,,Nouns
Plug,,Nouns
Plunger,,Nouns
Pocket,,Nouns
Poison,,Nouns
Pole,,Nouns
Poncho,,Nouns
Pool,,Nouns
Poop,,Nouns
Popcorn,,Nouns
Popsicle,,Nouns
Poster,,Nouns
Potion,,Nouns
Potty,,Nouns
Pouch,,Nouns
Powder,,Nouns
Prank,,Nouns
Prayer,,Nouns
Pregnancy,,Nouns
Pride,,Nouns
Prize,,Nouns
Probe,,Nouns
Promise,,Nouns
Protein,,Nouns
Pudding,,Nouns
Puddle,,Nouns
Puke,,Nouns
Pump,,Nouns
Pumpkin,,Nouns
Puppet,,Nouns
Puppy,,Nouns
Purse,,Nouns
Putty,,Nouns
Puzzle,,Nouns
Radar,,Nouns
Radiation,,Nouns
Radio,,Nouns
Raft,,Nouns
Rag,,Nouns
Rage,,Nouns
Rain,,Nouns
Rake,,Nouns
Razor,,Nouns
Reality,,Nouns
Recipe,,Nouns
Regret,,Nouns
Remote,,Nouns
Rescue,,Nouns
Revenge,,Nouns
Ribbon,,Nouns
Ring,,Nouns
Riot,,Nouns
River,,Nouns
Road,,Nouns
Robe,,Nouns
Robot,,Nouns
Rock,,Nouns
Rocket,,Nouns
Rodeo,,Nouns
Romance,,Nouns
Rope,,Nouns
Rubber,,Nouns
Rug,,Nouns
Rumor,,Nouns
Sack,,Nouns
Saddle,,Nouns
Safety,,Nouns
Salad,,Nouns
Sand,,Nouns
Sandwich,,Nouns
Satellite,,Nouns
Sauce,,Nouns
Sauna,,Nouns
Kebab,,Nouns
Saw,,Nouns
Scarf,,Nouns
School,,Nouns
Scoop,,Nouns
Scooter,,Nouns
Scream,,Nouns
Sculpture,,Nouns
Seat,,Nouns
Secret,,Nouns
Security,,Nouns
Seed,,Nouns
Sensor,,Nouns
Shadow,,Nouns
Shame,,Nouns
Shampoo,,Nouns
Sheet,,Nouns
Shell,,Nouns
Shield,,Nouns
Shirt,,Nouns
Shoes,,Nouns
Shovel,,Nouns
Shower,,Nouns
Shrine,,Nouns
Signal,,Nouns
Silence,,Nouns
Siren,,Nouns
Skeleton,,Nouns
Skin,,Nouns
Skirt,,Nouns
Skull,,Nouns
Skunk,,Nouns
Sky,,Nouns
Sled,,Nouns
Sleep,,Nouns
Slide,,Nouns
Slime,,Nouns
Slipper,,Nouns
Smile,,Nouns
Smoke,,Nouns
Smoothie,,Nouns
Snake,,Nouns
Snore,,Nouns
Snot,,Nouns
Snow,,Nouns
Soap,,Nouns
Socks,,Nouns
Sofa,,Nouns
Song,,Nouns
Soup,,Nouns
Souvenir,,Nouns
Space,,Nouns
Spaghetti,,Nouns
Spear,,Nouns
Spider,,Nouns
Spike,,Nouns
Spirit,,Nouns
Spit,,Nouns
Sponge,,Nouns
Spray,,Nouns
Spring,,Nouns
Stage,,Nouns
Stain,,Nouns
Star,,Nouns
Statue,,Nouns
Steroid,,Nouns
Stew,,Nouns
Stick,,Nouns
Sticker,,Nouns
Stool,,Nouns
Storm,,Nouns
Story,,Nouns
Stove,,Nouns
Strap,,Nouns
Straw,,Nouns
Street,,Nouns
Stress,,Nouns
String,,Nouns
Sugar,,Nouns
Suit,,Nouns
Sun,,Nouns
Surgery,,Nouns
Surprise,,Nouns
Sushi,,Nouns
Swamp,,Nouns
Sweat,,Nouns
Sweater,,Nouns
Swing,,Nouns
Switch,,Nouns
Sword,,Nouns
Syrup,,Nouns
Table,,Nouns
Taco,,Nouns
Tail,,Nouns
Tambourine,,Nouns
Tank,,Nouns
Tape,,Nouns
Tar,,Nouns
Tarp,,Nouns
Taser,,Nouns
Tattoo,,Nouns
Tax,,Nouns
Team,,Nouns
Tear,,Nouns
Telephone,,Nouns
Telescope,,Nouns
Tent,,Nouns
Test,,Nouns
Therapy,,Nouns
Thorn,,Nouns
Throat,,Nouns
Throne,,Nouns
Ticket,,Nouns
Tickle,,Nouns
Tie,,Nouns
Tiger,,Nouns
Time,,Nouns
Toe,,Nouns
Tofu,,Nouns
Toilet,,Nouns
Tomb,,Nouns
Tongue,,Nouns
Tooth,,Nouns
Torch,,Nouns
Tornado,,Nouns
Torpedo,,Nouns
Towel,,Nouns
Tower,,Nouns
Toy,,Nouns
Traffic,,Nouns
Trail,,Nouns
Training,,Nouns
Trampoline,,Nouns
Trap,,Nouns
Trash,,Nouns
Tray,,Nouns
Treadmill,,Nouns
Treasure,,Nouns
Tree,,Nouns
Trick,,Nouns
Trigger,,Nouns
Trophy,,Nouns
Truck,,Nouns
Trumpet,,Nouns
Trust,,Nouns
Truth,,Nouns
Tsunami,,Nouns
Tub,,Nouns
Tube,,Nouns
Tummy,,Nouns
Tumor,,Nouns
Tunnel,,Nouns
Turtle,,Nouns
Tutu,,Nouns
Tuxedo,,Nouns
Tv,,Nouns
Umbrella,,Nouns
Underwear,,Nouns
Unicorn,,Nouns
Uniform,,Nouns
Urge,,Nouns
Urinal,,Nouns
Vacation,,Nouns
Vaccine,,Nouns
Vacuum,,Nouns
Vapor,,Nouns
Vault,,Nouns
Velcro,,Nouns
Vest,,Nouns
Victory,,Nouns
Video,,Nouns
Vine,,Nouns
Virus,,Nouns
Vision,,Nouns
Vitamin,,Nouns
Voice,,Nouns
Volcano,,Nouns
Vomit,,Nouns
Wagon,,Nouns
Wall,,Nouns
Wand,,Nouns
War,,Nouns
Water,,Nouns
Wax,,Nouns
Web,,Nouns
Wheel,,Nouns
Whip,,Nouns
Whistle,,Nouns
Wig,,Nouns
Wind,,Nouns
Window,,Nouns
Wings,,Nouns
Wire,,Nouns
Wisdom,,Nouns
Wish,,Nouns
Work,,Nouns
Worm,,Nouns
Yarn,,Nouns
Yawn,,Nouns
Zit,,Nouns
Candy Wrapper,,Nouns
Candlestick,,Nouns
Nail Filer,,Nouns
Boom Box,,Nouns
Wine Glass,,Nouns
Toothpick,,Nouns
Locket,,Nouns
Salt Shaker,,Nouns
Television,,Nouns
Snowglobe,,Nouns
Toilet Paper Tube,,Nouns
Tomato,,Nouns
Carrots,,Nouns
Monitor,,Nouns
Game Cd,,Nouns
Bottle Cap,,Nouns
Pocketknife,,Nouns
Tissues,,Nouns
Clothes,,Nouns
Necklace,,Nouns
Toothbrush,,Nouns
Baseball Bat,,Nouns
Shopping Bag,,Nouns
Key Chain,,Nouns
Matches,,Nouns
Sketch Pad,,Nouns
Garden Spade,,Nouns
Sheet Of Paper,,Nouns
Wooden Spoon,,Nouns
Incense Holder,,Nouns
Ladle,,Nouns
Lion,,Nouns
Hair Brush,,Nouns
Scotch Tape,,Nouns
Cars,,Nouns
Ice Cream Stick,,Nouns
Tooth Pick,,Nouns
Soccer Ball,,Nouns
Drawer,,Nouns
Cow,,Nouns
Shirt Button,,Nouns
Squirrel,,Nouns
Hand Fan,,Nouns
Candy Cane,,Nouns
Q-Tips,,Nouns
Safety Pin,,Nouns
Beef,,Nouns
Game Cartridge,,Nouns
Flood,,Nouns
Baking Soda,,Nouns
Hand Bag,,Nouns
Tea Pot,,Nouns
Carton Of Ice Cream,,Nouns
Water Bottle,,Nouns
Rat,,Nouns
Toy Boat,,Nouns
Lip Balm,,Nouns
Cell Phone,,Nouns
Sandglass,,Nouns
Conditioner,,Nouns
Flyswatter,,Nouns
Clay Pot,,Nouns
Catalogue,,Nouns
Hair Tie,,Nouns
Canvas,,Nouns
Bananas,,Nouns
Sharpie,,Nouns
Cement Stone,,Nouns
Coffee Pot,,Nouns
Lipstick,,Nouns
Roll Of Gauze,,Nouns
Pie,,Nouns
Toy Plane,,Nouns
Leg Warmers,,Nouns
Lighter,,Nouns
Keys,,Nouns
Crayons,,Nouns
Glass,,Nouns
Ipod Charger,,Nouns
Washcloth,,Nouns
Mouse Pad,,Nouns
Sunscreen,,Nouns
Few Batteries,,Nouns
Comic Book,,Nouns
Tin Can,,Nouns
Lamp Shade,,Nouns
Lime,,Nouns
Nut,,Nouns
Pony,,Nouns
Stick Of Incense,,Nouns
Flowers,,Nouns
Plastic Fork,,Nouns
Handbasket,,Nouns
Pair Of Dice,,Nouns
Elf,,Nouns
Frog,,Nouns
Stop Sign,,Nouns
Nail,,Nouns
Rabbit,,Nouns
Cork,,Nouns
Candy Bar,,Nouns
Markers,,Nouns
Pepper Shaker,,Nouns
Model Car,,Nouns
Quartz Crystal,,Nouns
Mp3 Player,,Nouns
Thermometer,,Nouns
Spatula,,Nouns
Jar Of Jam,,Nouns
Screw,,Nouns
Jar Of Pickles,,Nouns
Video Games,,Nouns
Pencil Holder,,Nouns
Zipper,,Nouns
Notepad,,Nouns
Cd,,Nouns
Feather Duster,,Nouns
Fishing Hook,,Nouns
Quilt,,Nouns
Castle,,Nouns
Bow,,Nouns
Face Wash,,Nouns
Ice Cube,,Nouns
Bonesaw,,Nouns
Pearl Necklace,,Nouns
Chocolates,,Nouns
Cellphone,,Nouns
Sailboat,,Nouns
Cards,,Nouns
Egg Timer,,Nouns
Tongs,,Nouns
Microphone,,Nouns
Apple,,Nouns
Sand Paper,,Nouns
Wallet,,Nouns
Comb,,Nouns
Jigsaw Puzzle,,Nouns
Cowboy Hat,,Nouns
Elevator,,Nouns
Broccoli,,Nouns
Baseball Hat,,Nouns
Cucumber,,Nouns
Flashlight,,Nouns
Teddies,,Nouns
Alcohol,,Nouns
Hanger,,Nouns
Screwdriver,,Nouns
Cotton Balls,,Nouns
Cookie Tin,,Nouns
Hair Ribbon,,Nouns
Eye Liner,,Nouns
Baseball,,Nouns
Seeds,,Nouns
Domino Set,,Nouns
Hair Pin,,Nouns
Grocery List,,Nouns
Spoon,,Nouns
Bow Tie,,Nouns
Seat Belt,,Nouns
Dictionary,,Nouns
Pinecone,,Nouns
Zebra,,Nouns
Giraffe,,Nouns
Bread,,Nouns
Thread,,Nouns
Multitool,,Nouns
Tissue Box,,Nouns
Shoe Lace,,Nouns
Roll Of Masking Tape,,Nouns
Binoculars,,Nouns
Egg Beater,,Nouns
Octopus,,Nouns
Toy Robot,,Nouns
Toe Ring,,Nouns
Steak Knife,,Nouns
Vase,,Nouns
Craft Book,,Nouns
Necktie,,Nouns
Can Of Peas,,Nouns
Dog,,Nouns
Rubber Stamp,,Nouns
Bear,,Nouns
Trucks,,Nouns
Spice Bottle,,Nouns
Spice,,Nouns
Football,,Nouns
Notebook,,Nouns
Toy Top,,Nouns
Ocarina,,Nouns
Laser Pointer,,Nouns
Christmas Ornament,,Nouns
Dove,,Nouns
Whale,,Nouns
Credit Card,,Nouns
Tennis Ball,,Nouns
Bikini,,Nouns
Kangaroo,,Nouns
Pills,,Nouns
Rubber Band,,Nouns
Tweezers,,Nouns
Speakers,,Nouns
Can Of Beans,,Nouns
Cat,,Nouns
Pencil,,Nouns
Outlet,,Nouns
Earrings,,Nouns
Paperclip,,Nouns
Magnifying Glass,,Nouns
Fake Flowers,,Nouns
Toy Soldier,,Nouns
Light Bulb,,Nouns
Rolling Pin,,Nouns
Crayon,,Nouns
Bookmark,,Nouns
Trash Bag,,Nouns
Pocketwatch,,Nouns
Keychain,,Nouns
Scallop Shell,,Nouns
Salt,,Nouns
Ice Pick,,Nouns
Pasta Strainer,,Nouns
Matchbook,,Nouns
Grid Paper,,Nouns
Shawl,,Nouns
Hand Mirror,,Nouns
Sandal,,Nouns
Clothes Pin,,Nouns
Lemon,,Nouns
Music Cd,,Nouns
Cookie Jar,,Nouns
Spectacles,,Nouns
Glow Stick,,Nouns
Wrench,,Nouns
Whipped Cream,,Nouns
Marble,,Nouns
Jar Of Peanut Butter,,Nouns
Scissors,,Nouns
Picture Frame,,Nouns
Rusty Nail,,Nouns
Acorn,,Nouns
Small Pouch,,Nouns
Nail Clippers,,Nouns
Wristwatch,,Nouns
Purse/Bag,,Nouns
Ipod,,Nouns
Sticky Note,,Nouns
Crowbar,,Nouns
Rhino,,Nouns
